REF_AREA,REF_AREA_LABEL,INDICATOR,INDICATOR_LABEL,URBANISATION,URBANISATION_LABEL,UNIT_MEASURE,UNIT_MEASURE_LABEL,2000,2001,2002,2003,2004,2005,2006,2007,2008,2009,2010,2011,2012,2013,2014,2015,2016,2017,2018,2019,2020,2021,2022
ALB,Albania,WB_EWSA_AS_4190,Total renewable water resources per capita,_T,Total,M3_IH_YR,Cubic meters per inhabitant per year,9538.404395499,9593.566338399,9635.96473875,9685.422605135,9746.157770931,9817.43791527,9899.013671456,9990.449527223,10090.446485551,10197.607344168,10311.66495147,10372.645890234,10377.99260757,10386.669569431,10400.34796396,10418.707859432,10421.458265683,10420.1098459,10434.550663026,10467.901324432,10515.488757828,10597.848496386,10680.405487607
ALB,Albania,WB_EWSA_AS_4254,Agricultural water withdrawal as % of total water withdrawal,_T,Total,PT,Percentage,57.677658069,55.391154325,52.864495647,50.057749178,46.921609202,43.394475769,40.678392355,42.572971933,44.544012559,46.596238255,48.734770384,50.965170319,53.293487735,55.726315407,58.270851551,69.565217391,70.264317181,64.010989011,68.162839248,61.184792219,69.338422392,70.854271357,70.890840652
ALB,Albania,WB_EWSA_AS_4550,Water Stress (SDG 6.4.2),_T,Total,PT,Percentage,11.044471154,10.519591346,9.994711539,9.469831731,8.944951923,8.420072115,7.646754808,7.4984375,7.350120192,7.201802885,7.053485577,6.905168269,6.756850961,6.608533654,6.460216346,5.528846154,6.5625,6.556490385,5.757211539,6.796875,4.723557692,4.783653846,4.789663461
ALB,Albania,WB_EWSA_JMP_DW_PI,Total water supply coverage by piped improved facilities (%),RUR,Rural area,PT_POP,Percentage of population,64.26864124538497,64.83899982889352,65.4093584124023,65.97971699591085,66.55007557941963,67.12043416292818,67.69079274643695,68.2611513299455,68.83150991345428,69.40186849696306,69.97222708047161,70.54258566398039,71.11294424748894,71.68330283099772,72.25366141450627,72.82401999801505,73.3943785815236,73.96473716503237,74.53509574854093,75.1054543320497,75.67581291555825,75.67581291555825,75.67581291555825
ALB,Albania,WB_EWSA_JMP_DW_PI,Total water supply coverage by piped improved facilities (%),URB,Urban area,PT_POP,Percentage of population,98.11124167752928,97.39218127328309,96.6731208690369,95.9540604647907,95.23500006054452,94.51593965629831,93.79687925205212,93.07781884780591,92.35875844355974,91.63969803931354,90.92063763506737,90.20157723082116,89.48251682657497,88.76345642232877,88.04439601808258,87.32533561383639,86.6062752095902,85.88721480534377,85.16815440109758,84.44909399685139,83.7300335926052,83.7300335926052,83.7300335926052
ALB,Albania,WB_EWSA_JMP_DW_PI,Total water supply coverage by piped improved facilities (%),_T,Total,PT_POP,Percentage of population,78.39488113891157,78.65294087548243,79.00940783394668,79.34018337025479,79.64502918435258,79.92262569870411,80.17342067173435,80.39700074068969,80.59301598149727,80.76005963702497,80.89954754265925,81.01041015276643,81.09313230422718,81.14348888052353,81.16326955980254,81.15270407201953,81.1129001219008,81.04466118941075,80.94885208929573,80.82647320363333,80.67845036838908,80.74747391617052,80.81432294028176
ARM,Armenia,WB_EWSA_AS_4190,Total renewable water resources per capita,_T,Total,M3_IH_YR,Cubic meters per inhabitant per year,2485.580497743,2518.845954203,2542.519873152,2556.459956143,2570.353884364,2584.195923896,2598.000185261,2611.587461288,2624.671029294,2637.56753059,2650.56064697,2657.639336209,2658.314993047,2658.324089022,2658.411413547,2659.544423361,2661.716675352,2665.213932389,2669.791561067,2675.30127701,2687.405824915,2706.639506206,2696.751055409
ARM,Armenia,WB_EWSA_AS_4254,Agricultural water withdrawal as % of total water withdrawal,_T,Total,PT,Percentage,65.998168057,65.892796176,65.766701281,65.752176554,65.758019053,65.755764304,65.758754864,66.950053135,64.678117215,61.842299189,58.202927814,67.473338802,71.676300578,77.508884752,74.908200734,81.743119266,80.0,73.170731707,69.344141489,74.485165794,70.342877342,76.036400404,77.473958333
ARM,Armenia,WB_EWSA_AS_4550,Water Stress (SDG 6.4.2),_T,Total,PT,Percentage,37.744603591,34.819447246,34.96066169,39.862820254,50.494250555,55.900746419,57.030461973,60.762557999,57.958442606,49.707484366,42.909017551,49.182973573,59.330240065,59.612668953,57.69618721,65.987492435,64.171878152,57.89792213,54.750857373,57.79705467,57.090982449,59.854750857,61.972967521
ARM,Armenia,WB_EWSA_JMP_DW_PI,Total water supply coverage by piped improved facilities (%),RUR,Rural area,PT_POP,Percentage of population,73.50467541241278,74.80240245361574,76.10012949481916,77.39785653602212,78.69558357722553,79.9933106184285,81.29103765963191,82.58876470083487,83.88649174203829,85.18421878324125,86.48194582444467,87.77967286564763,89.07739990685104,90.375126948054,91.67285398925696,92.97058103046038,94.26830807166334,95.56603511286676,96.86376215406972,98.16148919527312,99.4592162364761,100.0,100.0
ARM,Armenia,WB_EWSA_JMP_DW_PI,Total water supply coverage by piped improved facilities (%),URB,Urban area,PT_POP,Percentage of population,97.28072980866432,97.41582792284952,97.55092603703474,97.68602415122,97.82112226540522,97.95622037959043,98.0913184937757,98.22641660796091,98.36151472214613,98.49661283633134,98.6317109505166,98.76680906470182,98.90190717888704,99.0370052930723,99.17210340725752,99.30720152144272,99.442299635628,99.5773977498132,99.7124958639984,99.84759397818368,99.90763287368564,99.92888644689155,99.95014002009748
ARM,Armenia,WB_EWSA_JMP_DW_PI,Total water supply coverage by piped improved facilities (%),_T,Total,PT_POP,Percentage of population,88.8797000124114,89.36205880626406,89.87926247991035,90.4100801196024,90.94319615526466,91.47843438112064,92.01616776071008,92.55604632015756,93.0983965718091,93.64291452459928,94.18975597200986,94.73892754320433,95.2904147683684,95.84631620346208,96.40578218968744,96.96803715218572,97.5321639520118,98.09732450264356,98.66270918203824,99.22742954147876,99.74311907416632,99.95489411260024,99.96830449708364
AUT,Austria,WB_EWSA_AS_4190,Total renewable water resources per capita,_T,Total,M3_IH_YR,Cubic meters per inhabitant per year,9696.829922845,9661.495756216,9614.389957677,9565.900188142,9506.341904579,9441.98248093,9395.520960476,9364.884839637,9335.29234303,9310.891010329,9288.600770918,9257.416954298,9215.331702722,9161.216902009,9090.040182189,8988.853474631,8892.281511093,8830.771727619,8787.952474934,8749.136909467,8709.390505195,8665.050305803,8571.733995596
AUT,Austria,WB_EWSA_AS_4254,Agricultural water withdrawal as % of total water withdrawal,_T,Total,PT,Percentage,2.748553192,2.770961554,2.793738301,2.738467165,2.682180676,2.624850596,2.56644763,2.506941377,2.446300275,2.355425693,2.265036816,2.4391412,2.616297942,2.79658802,2.980095305,3.166906687,3.357112213,3.550805233,3.74808255,3.949044586,4.502558107,5.236530714,5.23569052
AUT,Austria,WB_EWSA_AS_4550,Water Stress (SDG 6.4.2),_T,Total,PT,Percentage,10.046974302,9.966841669,9.883945841,9.853896104,9.823846366,9.793796629,9.763746891,9.733697154,9.703647416,9.673597679,9.643547941,9.536090387,9.428632833,9.321175279,9.213717724,9.10626017,8.998802616,8.891345062,8.783887507,8.676429953,8.676429953,8.676429953,8.676429953
AZE,Azerbaijan,WB_EWSA_AS_4190,Total renewable water resources per capita,_T,Total,M3_IH_YR,Cubic meters per inhabitant per year,4241.701769527,4202.128246167,4164.598379584,4127.715751268,4084.277340276,4033.267389751,3980.42560421,3927.704857702,3877.49118325,3833.043565925,3790.922143588,3746.157959843,3698.200791986,3648.306801612,3600.301438937,3555.37099412,3513.730859667,3478.453650546,3453.759562955,3429.611368407,3405.609852157,3388.092927255,3368.040419205
AZE,Azerbaijan,WB_EWSA_AS_4254,Agricultural water withdrawal as % of total water withdrawal,_T,Total,PT,Percentage,90.0,90.204575229,88.164129449,86.794067313,87.194630872,88.516949153,88.586956522,89.913115432,90.841283608,92.468581688,92.069279854,91.067634561,90.597077244,90.536935134,89.872325742,91.14552143,91.092776562,92.087458746,92.356373798,92.247815727,91.830547361,92.242442936,92.242442936
AZE,Azerbaijan,WB_EWSA_AS_4550,Water Stress (SDG 6.4.2),_T,Total,PT,Percentage,48.531684699,43.819827777,43.802163833,46.447339369,49.348642084,52.108633252,53.627732391,53.367189225,50.916317068,49.194082579,48.443364981,49.882976374,52.881430779,52.965334511,51.190108192,51.618458821,52.45308015,53.52174873,53.729300066,55.597262089,53.888628836,57.265886509,57.527047913
AZE,Azerbaijan,WB_EWSA_JMP_DW_PI,Total water supply coverage by piped improved facilities (%),RUR,Rural area,PT_POP,Percentage of population,17.38524160664747,20.48624334256692,23.58724507848547,26.68824681440401,29.78924855032255,32.89025028624201,35.99125202216055,39.0922537580791,42.19325549399764,45.29425722991618,48.39525896583564,51.49626070175418,54.59726243767273,57.69826417359127,60.79926590951072,63.90026764542927,67.00126938134781,70.10227111726635,73.2032728531849,76.30427458910435,79.4052763250229,82.50627806094144,85.60727979685998
AZE,Azerbaijan,WB_EWSA_JMP_DW_PI,Total water supply coverage by piped improved facilities (%),URB,Urban area,PT_POP,Percentage of population,78.57248936288079,79.68287522622359,80.79326108956593,81.90364695290873,83.01403281625107,84.12441867959387,85.23480454293622,86.34519040627902,87.45557626962136,88.56596213296416,89.6763479963065,90.7867338596493,91.89711972299165,93.00750558633445,94.1178914496768,95.2282773130196,96.33866317636192,97.44904903970472,98.55943490304708,99.66982076638988,100.0,100.0,100.0
AZE,Azerbaijan,WB_EWSA_JMP_DW_PI,Total water supply coverage by piped improved facilities (%),_T,Total,PT_POP,Percentage of population,48.82692072049714,51.02400604608658,53.21252398219347,55.39363071446841,57.5667316454679,59.73131814930944,61.88794318933626,64.03707916854545,66.17775861281868,68.31047599393362,70.44183866383885,72.57048874046967,74.69554504389576,76.81645370380237,78.93192638055484,81.04107518148166,83.14299665948617,85.23680214645216,87.32158385224022,89.39622287449234,91.02008492693771,92.43851489382776,93.8355950749492
BGR,Bulgaria,WB_EWSA_AS_4190,Total renewable water resources per capita,_T,Total,M3_IH_YR,Cubic meters per inhabitant per year,2662.326948748,2686.526953811,2709.253933792,2729.226517985,2748.58925108,2768.013203293,2787.850834012,2807.475212498,2826.586152753,2844.547103363,2863.827426028,2886.169084793,2911.023540477,2932.026539658,2948.729893435,2967.60007674,2988.452786795,3010.330096121,3032.138533142,3053.558119175,3071.974191955,3097.179458284,3120.484088168
BGR,Bulgaria,WB_EWSA_AS_4254,Agricultural water withdrawal as % of total water withdrawal,_T,Total,PT,Percentage,19.321702266,14.832339025,11.276369707,15.957923659,13.625038121,13.605621972,13.585718119,11.276369707,15.813419078,16.276752165,15.760860446,16.444534933,16.612423447,15.087783467,13.516127832,14.722705795,15.951858079,14.75786497,13.34562212,11.453338252,13.101227611,14.082885648,13.345139859
BGR,Bulgaria,WB_EWSA_AS_4550,Water Stress (SDG 6.4.2),_T,Total,PT,Percentage,45.330031784,43.117747062,48.700569148,48.12861261,47.556656072,46.984699534,46.412742997,45.840786459,47.4905758,45.23837682,44.053514672,47.194914628,42.23963338,40.416882253,39.736861557,41.609875083,42.05041023,41.821272821,40.099046493,40.076871905,36.728509129,38.52465075,40.235300924
BGR,Bulgaria,WB_EWSA_JMP_DW_PI,Total water supply coverage by piped improved facilities (%),RUR,Rural area,PT_POP,Percentage of population,91.31712410456625,91.74198362795744,92.16684315134864,92.59170267473984,93.01656219813106,93.44142172152226,93.86628124491348,94.29114076830469,94.71600029169588,95.14085981508708,95.56571933847827,95.9905788618695,96.4154383852607,96.8402979086519,97.26515743204313,97.69001695543432,97.98398178671738,97.87069775476157,97.75741372280572,97.64412969084988,97.53084565889404,97.4175616269382,97.30427759498238
BGR,Bulgaria,WB_EWSA_JMP_DW_PI,Total water supply coverage by piped improved facilities (%),URB,Urban area,PT_POP,Percentage of population,98.3544512906725,98.4374669796824,98.5204826686923,98.60349835770216,98.68651404671206,98.76952973572192,98.85254542473184,98.9355611137417,99.0185768027516,99.10159249176148,99.18460818077136,99.26762386978125,99.35063955879112,99.433655247801,99.5166709368109,99.59968662582077,99.66505546694948,99.65534264617978,99.64562982541004,99.63591700464036,99.62620418387064,99.61649136310092,99.60677854233124
BGR,Bulgaria,WB_EWSA_JMP_DW_PI,Total water supply coverage by piped improved facilities (%),_T,Total,PT_POP,Percentage of population,96.16577115512106,96.37297995336316,96.58414842324028,96.79268559933458,96.99873849325012,97.20221272870828,97.40313670247558,97.60158954758668,97.79758973328605,97.99112332515344,98.18224771476358,98.37096040486794,98.55739807319652,98.74156420106767,98.92341782699764,99.10298058292447,99.2335067314028,99.20327222095985,99.1737272552471,99.14487800030096,99.1167359557668,99.08929849227432,99.06253278811856
BIH,Bosnia and Herzegovina,WB_EWSA_AS_4190,Total renewable water resources per capita,_T,Total,M3_IH_YR,Cubic meters per inhabitant per year,9014.919330896,8972.498216267,8954.150451695,8974.462986084,9055.812056401,9154.171629245,9229.015433867,9343.642734981,9499.577458795,9665.46161987,9838.71847937,10021.9199433,10217.669047247,10385.340441153,10519.438660312,10657.826638939,10797.572014766,10937.147277,11071.744906997,11208.976267758,11365.878541494,11556.571575087,11701.190900405
BIH,Bosnia and Herzegovina,WB_EWSA_AS_4550,Water Stress (SDG 6.4.2),_T,Total,PT,Percentage,2.468791501,2.480743692,2.493359894,2.505976096,2.516600266,2.514608234,2.525896414,2.586985392,2.602257636,2.854581673,2.891102258,2.812749004,2.906374502,2.8937583,2.738379814,2.778884462,2.786188579,2.662018592,2.071713147,2.028552457,2.000531208,2.03187251,2.071713147
BIH,Bosnia and Herzegovina,WB_EWSA_JMP_DW_PI,Total water supply coverage by piped improved facilities (%),RUR,Rural area,PT_POP,Percentage of population,76.62540964103846,77.78326822565532,78.94112681027218,80.09898539488904,81.2568439795059,82.41470256412276,83.57256114873962,84.73041973335648,85.88827831797335,87.0461369025902,88.20399548720707,89.36185407182393,90.5197126564408,91.67757124105763,92.83542982567452,92.83542982567452,92.83542982567452,92.83542982567452,92.83542982567452,,,,
BIH,Bosnia and Herzegovina,WB_EWSA_JMP_DW_PI,Total water supply coverage by piped improved facilities (%),URB,Urban area,PT_POP,Percentage of population,96.22576992488844,96.32716904143842,96.42856815798837,96.52996727453834,96.63136639108828,96.73276550763822,96.8341646241882,96.93556374073812,97.0369628572881,97.13836197383804,97.239761090388,97.34116020693796,97.4425593234879,97.54395844003788,97.6453575565878,97.6453575565878,97.6453575565878,97.6453575565878,97.6453575565878,,,,
BIH,Bosnia and Herzegovina,WB_EWSA_JMP_DW_PI,Total water supply coverage by piped improved facilities (%),_T,Total,PT_POP,Percentage of population,84.93282545693752,85.70114273451499,86.46317307626582,87.21852900527853,87.96751515979292,88.7096362152495,89.4450633298095,90.17403539361308,90.89626676117472,91.61175567115788,92.3205099269794,93.02260228487091,93.71799917230912,94.40655801947092,95.088399771831,95.10441627849362,95.12101358437816,95.13823359980478,95.15597686560686,,,,
BLR,Belarus,WB_EWSA_AS_4190,Total renewable water resources per capita,_T,Total,M3_IH_YR,Cubic meters per inhabitant per year,5795.034146163,5826.083850327,5864.21159777,5906.249158436,5947.556114267,5988.929479373,6026.205563759,6054.50117655,6075.960206343,6090.033413142,6100.675689345,6112.279083074,6118.517911089,6117.627717101,6112.296504864,6102.8999526,6095.337393242,6097.438970323,6107.574964681,6136.452445832,6191.888220056,6258.53590254,6311.839539303
BLR,Belarus,WB_EWSA_AS_4254,Agricultural water withdrawal as % of total water withdrawal,_T,Total,PT,Percentage,24.060968971,24.044621162,24.027793343,24.010464058,23.992610553,23.974208675,25.16722408,26.406135866,27.693644489,29.032666498,30.426356589,31.041214751,31.66520979,32.298546896,32.972628899,29.99308915,29.476584022,30.85182534,29.906542056,27.025036819,27.614747931,27.789473684,27.227722772
BLR,Belarus,WB_EWSA_AS_4550,Water Stress (SDG 6.4.2),_T,Total,PT,Percentage,6.05471325,5.968358603,5.882003955,5.795649308,5.709294661,5.622940013,5.51878708,5.414634146,5.310481213,5.20632828,5.102175346,5.064820918,5.027466491,4.990112063,5.177982861,4.772577455,4.782465392,4.614370468,4.581410679,4.475939354,4.377059987,4.696769941,4.660514173
BLR,Belarus,WB_EWSA_JMP_DW_PI,Total water supply coverage by piped improved facilities (%),RUR,Rural area,PT_POP,Percentage of population,45.71162603964058,45.71162603964058,45.71162603964058,45.71162603964058,47.9905819620617,50.26953788448282,52.54849380690393,54.82744972932505,57.10640565174708,59.3853615741682,61.66431749658932,63.94327341901044,66.22222934143156,68.50118526385268,70.7801411862747,73.05909710869582,75.33805303111694,77.61700895353806,79.89596487595918,82.1749207983803,84.45387672080233,86.73283264322345,89.01178856564457
BLR,Belarus,WB_EWSA_JMP_DW_PI,Total water supply coverage by piped improved facilities (%),URB,Urban area,PT_POP,Percentage of population,93.75191862136164,93.75191862136164,93.75191862136164,93.75191862136164,94.0377363734795,94.32355412559748,94.60937187771545,94.8951896298334,95.18100738195136,95.4668251340692,95.75264288618718,96.03846063830514,96.3242783904231,96.61009614254108,96.89591389465892,97.18173164677688,97.46754939889485,97.7533671510128,98.03918490313076,98.32500265524862,98.6108204073666,98.89663815948455,99.18245591160252
BLR,Belarus,WB_EWSA_JMP_DW_PI,Total water supply coverage by piped improved facilities (%),_T,Total,PT_POP,Percentage of population,79.32685818613554,79.55985547637475,79.79092991686484,80.01960115103356,81.09249810753215,82.14437979977919,83.17554364933333,84.1862840800977,85.17728519349727,86.14770524270965,87.11875253657799,88.07500407427683,89.00857519616541,89.91989666181172,90.80910824244118,91.6771863786628,92.52404254096764,93.35035092502702,94.1556283400934,94.94059140465116,95.70624301791338,96.45292935255306,97.18147885397032
CZE,Czechia,WB_EWSA_AS_4190,Total renewable water resources per capita,_T,Total,M3_IH_YR,Cubic meters per inhabitant per year,1284.580617154,1285.191776024,1284.246408114,1283.063021714,1281.495305244,1279.163841239,1276.130593479,1272.062423344,1267.067837367,1261.876876322,1256.685399084,1252.916604061,1251.506685568,1251.050906546,1250.329697203,1249.475505339,1248.58193375,1247.46925012,1246.571100008,1245.8697995,1246.430256919,1248.731919857,1232.056363908
CZE,Czechia,WB_EWSA_AS_4254,Agricultural water withdrawal as % of total water withdrawal,_T,Total,PT,Percentage,0.624848483,0.530367185,0.980083857,0.968274149,1.098094901,1.234647934,1.378470874,1.513458608,1.741214008,2.163245974,2.022474816,2.207174816,2.346550788,2.666666667,2.940106693,3.3875,2.896341463,2.858895706,3.144654088,2.855245684,2.855051244,2.742772424,3.042876902
CZE,Czechia,WB_EWSA_AS_4550,Water Stress (SDG 6.4.2),_T,Total,PT,Percentage,32.570863747,30.793491484,29.016119221,29.203163017,29.390206813,29.577250608,29.764294404,29.9513382,30.231143552,29.607664234,29.668491484,28.695255475,27.986618005,25.09580292,25.091240876,24.382603406,24.860097324,24.787104623,24.178832117,22.901459854,20.772506083,20.513990268,21.973844282
CZE,Czechia,WB_EWSA_JMP_DW_PI,Total water supply coverage by piped improved facilities (%),RUR,Rural area,PT_POP,Percentage of population,91.35444444444444,91.35444444444444,92.12222222222226,92.8900000000001,93.65777777777794,94.42555555555556,95.19333333333338,95.96111111111122,96.72888888888906,97.49666666666668,98.2644444444445,99.03222222222234,99.7853085210578,99.80145391228643,99.81759930351508,99.81759930351508,99.81759930351508,99.81759930351508,99.81759930351508,99.81759930351508,99.81759930351508,99.81759930351508,99.81759930351508
CZE,Czechia,WB_EWSA_JMP_DW_PI,Total water supply coverage by piped improved facilities (%),URB,Urban area,PT_POP,Percentage of population,98.1277777777778,98.1277777777778,98.28888888888888,98.45,98.61111111111109,98.77222222222218,98.93333333333334,99.09444444444443,99.25555555555552,99.41666666666664,99.57777777777778,99.73888888888888,99.89853258081068,99.90059175645632,99.90265093210192,99.90265093210192,99.90265093210192,99.90265093210192,99.90265093210192,99.90265093210192,99.90265093210192,99.90265093210192,99.90265093210192
CZE,Czechia,WB_EWSA_JMP_DW_PI,Total water supply coverage by piped improved facilities (%),_T,Total,PT_POP,Percentage of population,96.36589815087666,96.35838120093688,96.6737787296712,96.98994483272526,97.3069505582134,97.62478965301374,97.9434669336894,98.26295035901168,98.58331072356717,98.9044898916612,99.22652703155232,99.5493976693829,99.86818226137277,99.8741097401901,99.88001249592382,99.88009591392948,99.88017239961482,99.88026044300324,99.88035845178186,99.88046889350755,99.8805882608907,99.88071929644038,99.8808566286988
GEO,Georgia,WB_EWSA_AS_4190,Total renewable water resources per capita,_T,Total,M3_IH_YR,Cubic meters per inhabitant per year,14631.414499448,15044.056065655,15342.142124488,15501.227149887,15613.624311002,15729.741531013,15846.004757555,15961.830733518,16068.730423133,16159.9779124,16255.446395914,16369.738446061,16495.589715379,16625.865520297,16696.916040324,16702.830197388,16700.698328111,16697.166965606,16688.287920794,16680.178322247,16684.766199873,16716.594724335,16688.696906069
GEO,Georgia,WB_EWSA_AS_4254,Agricultural water withdrawal as % of total water withdrawal,_T,Total,PT,Percentage,72.268819824,69.575098328,66.822439878,64.008888825,61.132402027,58.190843905,58.190843905,58.190843905,58.190843905,54.86794403,51.434463674,47.884789541,44.212921871,40.412440599,36.476467896,32.397626627,28.167994207,35.390278859,35.460685297,37.592071953,42.804706964,46.60592425,33.552397594
GEO,Georgia,WB_EWSA_AS_4550,Water Stress (SDG 6.4.2),_T,Total,PT,Percentage,6.239522258,6.172725299,6.105928339,6.039131379,5.972334419,5.905537459,5.916395223,5.927252986,5.938110749,5.842487785,5.746864821,5.651241857,5.555618893,5.459995928,5.364372964,5.26875,5.173127036,4.477296417,4.205602606,5.120977199,5.386710098,5.240977199,4.212964169
GEO,Georgia,WB_EWSA_JMP_DW_PI,Total water supply coverage by piped improved facilities (%),RUR,Rural area,PT_POP,Percentage of population,45.43926302678256,46.35674327010361,47.27422351342466,48.19170375674548,49.10918400006653,50.02666424338759,50.94414448670841,51.86162473002946,52.77910497335051,53.69658521667134,54.61406545999239,55.53154570331344,56.44902594663426,57.36650618995532,58.28398643327637,59.20146667659719,60.11894691991824,61.0364271632393,61.95390740656012,62.87138764988117,63.78886789320222,64.70634813652327,65.6238283798441
GEO,Georgia,WB_EWSA_JMP_DW_PI,Total water supply coverage by piped improved facilities (%),URB,Urban area,PT_POP,Percentage of population,88.831611671941,89.21566385736492,89.59971604278883,89.98376822821274,90.36782041363676,90.75187259906068,91.1359247844846,91.5199769699085,91.9040291553324,92.28808134075643,92.67213352618036,93.05618571160426,93.44023789702815,93.82429008245208,94.2083422678761,94.59239445330002,94.97644663872391,95.36049882414784,95.74455100957186,96.12860319499578,96.51265538041967,96.8967075658436,97.28075975126752
GEO,Georgia,WB_EWSA_JMP_DW_PI,Total water supply coverage by piped improved facilities (%),_T,Total,PT_POP,Percentage of population,68.28012959995172,68.8139609270367,69.47013868529785,70.2704522524539,71.06620483361574,71.85741062906938,72.6444905149505,73.42744127651632,74.20586910057129,74.97979487189328,75.74961517057648,76.5149505667225,77.27618731568273,78.03260245656026,78.7849410547361,79.53284840484625,80.27947490226502,81.02368146973248,81.76603837962166,82.50611714423171,83.24413766797615,83.97935977721802,84.7120116957569
HRV,Croatia,WB_EWSA_AS_4190,Total renewable water resources per capita,_T,Total,M3_IH_YR,Cubic meters per inhabitant per year,24386.83295944,24528.757235983,24501.937162634,24496.79405464,24477.640197714,24455.568057644,24445.062329116,24444.190090997,24451.685439612,24474.94855621,24528.352334088,24644.788012775,24769.700481495,24868.010969268,25003.086873996,25216.738464657,25504.9989798,25862.914296921,26212.039748881,26465.41910437,26682.124595153,26881.651934842,27002.62885309
HRV,Croatia,WB_EWSA_AS_4254,Agricultural water withdrawal as % of total water withdrawal,_T,Total,PT,Percentage,,,1.028770706,0.931198656,1.202890704,0.991156194,0.835491499,0.491573034,0.981789038,1.593510068,6.880633111,6.688562438,6.618527792,6.825479284,6.909794954,6.978112562,6.870427764,7.645244557,7.711328449,7.622868606,7.524752475,7.584830339,7.480314961
HRV,Croatia,WB_EWSA_AS_4550,Water Stress (SDG 6.4.2),_T,Total,PT,Percentage,,,1.275011116,1.360858794,1.34920282,1.368258909,1.410309344,1.447246395,1.47421076,1.533570476,1.518461538,1.477116496,1.45120498,1.398194753,1.289266341,1.380262339,1.415320142,1.502830147,1.486674077,1.493997332,1.462872388,1.47843486,1.509559804
HRV,Croatia,WB_EWSA_JMP_DW_PI,Total water supply coverage by piped improved facilities (%),RUR,Rural area,PT_POP,Percentage of population,76.74,76.74,76.74,76.74,76.74,76.74,76.74,76.74,,,,,,,,,,,,,,,
HRV,Croatia,WB_EWSA_JMP_DW_PI,Total water supply coverage by piped improved facilities (%),URB,Urban area,PT_POP,Percentage of population,95.67,95.67,95.67,95.67,95.67,95.67,95.67,95.67,,,,,,,,,,,,,,,
HRV,Croatia,WB_EWSA_JMP_DW_PI,Total water supply coverage by piped improved facilities (%),_T,Total,PT_POP,Percentage of population,86.85391720509259,86.89443100668525,86.9262313351605,86.95822284875882,86.9900264624734,87.02182776450302,87.05363343696095,87.08543374891978,,,,,,,,,,,,,,,
HUN,Hungary,WB_EWSA_AS_4190,Total renewable water resources per capita,_T,Total,M3_IH_YR,Cubic meters per inhabitant per year,10205.48348478,10229.484719215,10257.962101959,10287.899955713,10311.536298938,10332.111826036,10348.317398417,10364.675114276,10382.705527403,10398.567077457,10421.751237007,10455.754264038,10487.441137976,10516.367816436,10544.628008844,10569.953220843,10600.852226974,10627.857003002,10640.045817674,10644.454147274,10667.260751035,10712.979701994,10739.024562008
HUN,Hungary,WB_EWSA_AS_4254,Agricultural water withdrawal as % of total water withdrawal,_T,Total,PT,Percentage,12.127416116,12.249958671,11.881742049,11.615589222,10.470533697,5.646696275,5.505281754,5.515616144,5.674034964,5.838777523,6.010230179,6.188811415,6.374975252,8.650496429,11.156488279,12.714066924,9.994481997,11.059266578,10.81210812,11.166023476,11.206412306,11.432935455,11.046622656
HUN,Hungary,WB_EWSA_AS_4550,Water Stress (SDG 6.4.2),_T,Total,PT,Percentage,10.092458261,10.020322395,9.948186529,9.853770869,9.75935521,9.664939551,9.570523892,9.476108233,9.381692573,10.953367876,9.274611399,9.02417962,8.723661485,9.067357513,6.775474957,6.960276338,6.837651123,8.180518135,8.494752155,7.708246977,7.739896373,7.718307427,8.108497409
HUN,Hungary,WB_EWSA_JMP_DW_PI,Total water supply coverage by piped improved facilities (%),RUR,Rural area,PT_POP,Percentage of population,90.50761718750005,91.06908203125022,91.63054687500016,92.19201171875012,92.75347656250004,93.31494140625024,93.87640625000016,94.43787109375012,94.99933593750006,95.56080078125024,96.12226562500018,96.68373046875011,97.24519531250009,97.80666015625025,98.3681250000002,98.92958984375014,99.49105468750008,99.9000969865194,100.0,100.0,100.0,100.0,100.0
HUN,Hungary,WB_EWSA_JMP_DW_PI,Total water supply coverage by piped improved facilities (%),URB,Urban area,PT_POP,Percentage of population,95.8159774948349,96.07590694997828,96.33583640512164,96.59576586026492,96.8556953154083,97.11562477055156,97.37555422569494,97.63548368083832,97.89541313598158,98.15534259112496,98.41527204626824,98.6752015014116,98.935130956555,99.19506041169824,99.45498986684164,99.7149193219849,99.97484877712829,100.0,100.0,100.0,100.0,100.0,100.0
HUN,Hungary,WB_EWSA_JMP_DW_PI,Total water supply coverage by piped improved facilities (%),_T,Total,PT_POP,Percentage of population,93.93549243337377,94.30699882873697,94.69279517229572,95.07598866517968,95.4566761720084,95.83726385310264,96.21715892421078,96.59373469616322,96.96701777205662,97.33702270757874,97.7024011644959,98.06497606889744,98.42271067001836,98.7778869371318,99.13139879777208,99.4832480624106,99.8334793583474,99.97109172067452,99.99999908101002,100.0,99.99999997996912,99.9999988534441,100.0
KAZ,Kazakhstan,WB_EWSA_AS_4190,Total renewable water resources per capita,_T,Total,M3_IH_YR,Cubic meters per inhabitant per year,6993.695867965,6960.26785571,6924.202370656,6884.31980431,6839.679021516,6789.153661637,6731.986579992,6668.424245384,6599.691657243,6522.924460311,6438.868170396,6352.395833541,6264.263029476,6174.920266007,6084.882454451,5994.746012382,5903.526541637,5812.266837144,5726.063656862,5643.545620916,5564.590336871,5490.892417154,5411.136299191
KAZ,Kazakhstan,WB_EWSA_AS_4254,Agricultural water withdrawal as % of total water withdrawal,_T,Total,PT,Percentage,66.660318065,67.245848133,68.130782359,68.321358589,68.896971748,71.270116565,62.92949261,63.396027884,58.915486077,60.622940166,59.127367404,59.697411593,58.380854445,60.760729661,57.803969148,61.066235864,61.049046887,61.837961638,63.579984708,66.804873921,62.109296229,59.569814072,56.747294717
KAZ,Kazakhstan,WB_EWSA_AS_4550,Water Stress (SDG 6.4.2),_T,Total,PT,Percentage,29.12482663,28.897364771,30.86962552,31.85298197,32.783633842,34.38557559,29.463245492,31.646324549,28.39112344,33.091539528,30.507628294,29.676837725,31.335644938,32.045769764,32.013869625,30.036061026,30.001386963,31.140083218,32.651872399,32.615811373,34.098474341,34.004160888,34.626907073
KAZ,Kazakhstan,WB_EWSA_JMP_DW_PI,Total water supply coverage by piped improved facilities (%),RUR,Rural area,PT_POP,Percentage of population,28.64924540014954,30.68935502694603,32.72946465374253,34.76957428053856,36.80968390733506,38.84979353413109,40.88990316092759,42.93001278772363,44.97012241452012,47.01023204131616,49.0503416681122,51.09045129490914,53.13056092170518,55.17067054850122,57.21078017529726,59.25088980209421,61.29099942889025,63.33110905568628,63.33110905568628,63.33110905568628,63.33110905568628,63.33110905568628,
KAZ,Kazakhstan,WB_EWSA_JMP_DW_PI,Total water supply coverage by piped improved facilities (%),URB,Urban area,PT_POP,Percentage of population,87.76235200319366,88.42195870464639,89.08156540609912,89.74117210755185,90.40077880900458,91.06038551045732,91.71999221191004,92.37959891336276,93.03920561481571,93.69881231626846,94.3584190177212,95.01802571917392,95.67763242062664,96.33723912207938,96.99684582353213,97.65645252498484,98.31605922643756,98.9756659278903,98.9756659278903,98.9756659278903,98.9756659278903,98.9756659278903,
KAZ,Kazakhstan,WB_EWSA_JMP_DW_PI,Total water supply coverage by piped improved facilities (%),_T,Total,PT_POP,Percentage of population,61.81051654920009,63.118334390924,64.42413902713984,65.72792700328668,67.02970354366235,68.32946139782696,69.62720248846662,70.9229269396528,72.21663904690296,73.50833903940148,74.79756568847995,76.08524091629822,77.37090462269767,78.65455401871651,79.93578329545807,81.21541672343332,82.49303112206766,83.76827336016974,83.80106406911482,83.84098836575899,83.88767909829494,83.94114751484655,
KGZ,Kyrgyz Republic,WB_EWSA_AS_4190,Total renewable water resources per capita,_T,Total,M3_IH_YR,Cubic meters per inhabitant per year,4699.963881639,4656.586137577,4616.268074259,4577.644550107,4539.2684778,4501.811932604,4471.028895099,4445.014913328,4420.760240486,4375.318520335,4300.624153163,4221.619848656,4146.0407663,4073.973196782,4004.191702755,3935.09902394,3866.439702825,3797.01454145,3724.21918807,3636.875994663,3544.04319237,3462.806644519,3395.445634628
KGZ,Kyrgyz Republic,WB_EWSA_AS_4254,Agricultural water withdrawal as % of total water withdrawal,_T,Total,PT,Percentage,93.75,93.648021641,93.538538006,93.420688893,93.293477428,93.155741794,93.006119645,92.944970772,92.882743194,92.819408114,92.7549357,92.689295039,92.689295039,92.689295039,92.689295039,92.689295039,92.689295039,92.689295039,92.689295039,92.689295039,92.689295039,92.689295039,92.689295039
KGZ,Kyrgyz Republic,WB_EWSA_AS_4550,Water Stress (SDG 6.4.2),_T,Total,PT,Percentage,65.446045968,62.878197637,60.310349305,57.742500974,55.174652642,52.606804311,50.03895598,50.03895598,50.03895598,50.03895598,50.03895598,50.03895598,50.03895598,50.03895598,50.03895598,50.03895598,50.03895598,50.03895598,50.03895598,50.03895598,50.03895598,50.03895598,50.03895598
KGZ,Kyrgyz Republic,WB_EWSA_JMP_DW_PI,Total water supply coverage by piped improved facilities (%),RUR,Rural area,PT_POP,Percentage of population,26.22044449938221,26.22044449938221,29.82759806689864,33.43475163441599,37.04190520193242,40.64905876944886,44.25621233696529,47.86336590448173,51.47051947199907,55.0776730395155,58.68482660703194,62.29198017454837,65.89913374206571,69.50628730958215,73.11344087709858,76.72059444461502,80.32774801213236,83.9349015796488,87.54205514716523,88.99583784517063,89.86449948371978,89.86449948371978,89.86449948371978
KGZ,Kyrgyz Republic,WB_EWSA_JMP_DW_PI,Total water supply coverage by piped improved facilities (%),URB,Urban area,PT_POP,Percentage of population,74.01661053017915,74.01661053017915,75.68019330211473,77.34377607404986,79.00735884598498,80.6709416179201,82.33452438985523,83.99810716179036,85.66168993372594,87.32527270566106,88.98885547759619,90.65243824953131,92.31602102146644,93.97960379340157,95.64318656533716,97.30676933727229,98.92563958591282,98.90241004223364,98.87931592281257,98.8563560468412,100.0,100.0,100.0
KGZ,Kyrgyz Republic,WB_EWSA_JMP_DW_PI,Total water supply coverage by piped improved facilities (%),_T,Total,PT_POP,Percentage of population,43.09153553522215,43.09057806574259,46.01127162298217,48.93156408850479,51.85235301219296,54.77278111592781,57.69367011904934,60.61423263410146,63.53487406360937,66.45591715703667,69.38396663220175,72.31796857977557,75.25678699567892,78.1984744072147,81.14191577632712,84.08570997559296,87.01257153345159,89.3434107273693,91.66326512917615,92.60390109971983,93.60003965240668,93.6294347568926,93.66135669382356
MDV,Maldives,WB_EWSA_AS_4190,Total renewable water resources per capita,_T,Total,M3_IH_YR,Cubic meters per inhabitant per year,106.375811559,104.614547699,102.875013717,101.183509786,99.53120801,97.901960976,95.586759322,92.455906237,89.24056281,86.138827076,83.150402448,80.283883813,77.55585314,74.986877296,72.530867929,70.068246472,67.673039963,65.461162983,63.411674935,61.509315586,59.74691208,58.122188339,57.240329246
MDV,Maldives,WB_EWSA_AS_4254,Agricultural water withdrawal as % of total water withdrawal,_T,Total,PT,Percentage,0.0,0.0,0.0,0.0,0.0,0.0,0.0,0.0,0.0,0.136504314,0.273008629,0.409512943,0.546017257,0.682521572,0.819025886,0.9555302,1.092034515,1.228538829,1.365043143,1.501547458,3.02360678,4.545666102,4.545666102
MDV,Maldives,WB_EWSA_AS_4550,Water Stress (SDG 6.4.2),_T,Total,PT,Percentage,17.666666667,17.125,16.916666667,16.708333333,16.5,14.476190476,14.873015873,15.46031746,15.666666667,9.523809524,3.380952381,15.666666667,15.666666667,15.666666667,15.666666667,15.666666667,15.666666667,15.666666667,15.666666667,15.666666667,15.666666667,15.666666667,15.666666667
MDV,Maldives,WB_EWSA_JMP_DW_PI,Total water supply coverage by piped improved facilities (%),RUR,Rural area,PT_POP,Percentage of population,2.691926412760267,3.472986716941932,4.254047021123597,5.035107325305489,5.816167629487154,6.597227933668819,7.378288237850484,8.159348542032376,8.94040884621404,9.721469150395706,10.5025294545776,11.28358975875926,12.06465006294093,12.84571036712282,13.62677067130448,14.40783097548615,15.18889127966781,15.96995158384971,16.75101188803137,17.53207219221304,18.31313249639493,19.09419280057659,19.09419280057659
MDV,Maldives,WB_EWSA_JMP_DW_PI,Total water supply coverage by piped improved facilities (%),URB,Urban area,PT_POP,Percentage of population,75.07431499618178,76.50674451619716,77.93917403621299,79.37160355622882,80.80403307624465,82.23646259626003,83.66889211627586,85.10132163629169,86.53375115630752,87.96618067632335,89.39861019633872,90.83103971635455,92.26346923637038,93.6958987563862,95.1283282764016,96.56075779641742,97.99318731643324,98.83988915975752,98.89258908354584,98.94528900733413,98.9979889311224,99.0506888549107,99.0506888549107
MDV,Maldives,WB_EWSA_JMP_DW_PI,Total water supply coverage by piped improved facilities (%),_T,Total,PT_POP,Percentage of population,22.74619190145114,24.54980029980212,26.39053121601934,28.26674886302556,30.17972432085098,32.12547000634554,33.92284121603777,35.24292305869257,36.57139763466061,37.90599613014074,39.24752765735721,40.59603097020666,41.95234502013281,43.3141030459992,44.68375497125594,46.06053360281999,47.44447699115694,48.60413192371471,49.44993002751911,50.29112153650058,51.12685847281647,51.95791153057559,52.30492265021878
MKD,North Macedonia,WB_EWSA_AS_4190,Total renewable water resources per capita,_T,Total,M3_IH_YR,Cubic meters per inhabitant per year,3110.944545955,3097.322219754,3085.104536839,3074.837213794,3067.218574309,3062.483760462,3063.325153298,3074.008680232,3090.542264614,3105.892995192,3119.660931853,3136.56916184,3156.925332303,3178.892156084,3203.470960786,3231.725852696,3263.210009489,3297.475010034,3333.805622463,3372.608412234,3418.776024765,3457.388763919,3477.820471647
MKD,North Macedonia,WB_EWSA_AS_4254,Agricultural water withdrawal as % of total water withdrawal,_T,Total,PT,Percentage,55.346820809,48.140009418,44.440934934,42.366247756,25.418801052,22.056026284,21.523178808,22.76850508,40.336622171,47.574996696,48.504446241,44.346904798,79.299027078,31.53426319,39.399896716,31.296485037,13.316421159,31.706602159,6.251714724,8.691954627,9.65378338,8.868245937,6.401105227
MKD,North Macedonia,WB_EWSA_AS_4550,Water Stress (SDG 6.4.2),_T,Total,PT,Percentage,16.747337851,16.035818006,15.324298161,19.548241368,23.772184576,27.996127783,20.667957406,13.339787028,19.340513069,25.341239109,21.999031946,18.656824782,15.314617619,11.972410455,16.402258793,20.832107131,25.261955469,38.69232817,52.122700871,38.70232333,34.846321394,37.932962246,52.553242982
MKD,North Macedonia,WB_EWSA_JMP_DW_PI,Total water supply coverage by piped improved facilities (%),RUR,Rural area,PT_POP,Percentage of population,85.34259163989464,85.34259163989464,85.34259163989464,85.34259163989464,85.34259163989464,85.14595515155503,84.94931866321548,84.75268217487587,84.55604568653632,84.35940919819672,84.16277270985717,83.96613622151756,83.76949973317801,83.5728632448384,83.3762267564988,83.17959026815925,82.98295377981964,82.78631729148009,82.58968080314048,82.39304431480093,82.19640782646132,81.99977133812177,81.99977133812177
MKD,North Macedonia,WB_EWSA_JMP_DW_PI,Total water supply coverage by piped improved facilities (%),URB,Urban area,PT_POP,Percentage of population,97.72047867698224,97.72047867698224,97.72047867698224,97.72047867698224,97.72047867698224,97.79051711751278,97.86055555804327,97.93059399857384,98.00063243910434,98.07067087963487,98.1407093201654,98.21074776069592,98.28078620122643,98.35082464175696,98.42086308228748,98.49090152281802,98.56093996334852,98.63097840387904,98.70101684440958,98.77105528494008,98.84109372547064,98.91113216600114,98.91113216600114
MKD,North Macedonia,WB_EWSA_JMP_DW_PI,Total water supply coverage by piped improved facilities (%),_T,Total,PT_POP,Percentage of population,92.58959845765176,92.56372862461596,92.537857782126,92.51198590900836,92.48599203030705,92.42062683933533,92.3581714910429,92.29888345728692,92.24299025736616,92.19086686339986,92.14263455275258,92.09866977353656,92.05907388811649,92.02423009873212,91.99439668099356,91.96950662531717,91.9501094451436,91.9362897819885,91.92829604514904,91.92635841651528,91.93055085421788,91.94128161563982,91.99743289667585
MNE,Montenegro,WB_EWSA_AS_4254,Agricultural water withdrawal as % of total water withdrawal,_T,Total,PT,Percentage,,,,,,,5.423171734,3.895337399,1.056556868,0.495412577,0.324144988,0.320458404,0.318283891,0.316849486,0.315691292,0.31507339,0.314413609,0.313968692,0.313605539,0.313303509,0.313048367,0.264165341,0.306292591
MNE,Montenegro,WB_EWSA_JMP_DW_PI,Total water supply coverage by piped improved facilities (%),RUR,Rural area,PT_POP,Percentage of population,,,,,,,70.93272012340492,71.2568764736858,71.58103282396667,71.90518917424754,72.2293455245283,72.55350187480917,72.87765822509004,73.20181457537092,73.52597092565179,73.85012727593266,74.17428362621354,74.4984399764943,74.82259632677517,75.14675267705604,75.47090902733692,75.47090902733692,75.47090902733692
MNE,Montenegro,WB_EWSA_JMP_DW_PI,Total water supply coverage by piped improved facilities (%),URB,Urban area,PT_POP,Percentage of population,,,,,,,98.55661773382803,98.38589711328387,98.21517649273972,98.04445587219556,97.8737352516514,97.70301463110724,97.53229401056308,97.36157339001892,97.19085276947476,97.0201321489306,96.84941152838644,96.67869090784228,96.50797028729812,96.33724966675396,96.16652904620976,96.16652904620976,96.16652904620976
MNE,Montenegro,WB_EWSA_JMP_DW_PI,Total water supply coverage by piped improved facilities (%),_T,Total,PT_POP,Percentage of population,,,,,,,88.28135617346359,88.38586647555563,88.48705656239386,88.58413100527683,88.67765765266434,88.76789788697398,88.85484958792077,88.93875851397539,89.01960648134516,89.09738170744137,89.17184068700011,89.243205893071,89.31124487451562,89.37617375403453,89.43796796805462,89.50791977084418,89.57787000144043
POL,Poland,WB_EWSA_AS_4190,Total renewable water resources per capita,_T,Total,M3_IH_YR,Cubic meters per inhabitant per year,1581.365626579,1581.808687638,1582.551317562,1583.623542163,1585.115238664,1586.911094342,1589.129117056,1591.250133711,1592.276977659,1592.014979151,1588.120293209,1583.411417762,1581.787512967,1581.316440448,1581.074646245,1581.025023732,1581.15100737,1581.494310319,1582.068702576,1582.697169732,1584.972386899,1590.418498781,1576.10616797
POL,Poland,WB_EWSA_AS_4254,Agricultural water withdrawal as % of total water withdrawal,_T,Total,PT,Percentage,8.613870942,8.512012668,9.445865303,8.593912825,9.151338918,9.499912509,9.564204801,9.326683292,10.280110117,10.060763889,10.611080434,10.293232038,9.599303136,10.068585826,9.879315184,9.444920499,9.950859951,10.098204543,13.84707407,13.885394952,14.646753397,13.866607234,13.019336494
POL,Poland,WB_EWSA_AS_4550,Water Stress (SDG 6.4.2),_T,Total,PT,Percentage,42.051228799,41.307718934,40.564209069,40.770508827,40.976808584,41.183108342,41.3894081,41.595707857,39.321564555,39.830391139,37.611630322,41.225337487,39.695396331,38.906195915,36.798200069,36.164762894,35.614399446,34.890965732,33.222568363,31.0971928,30.0,32.076843198,32.485289027
POL,Poland,WB_EWSA_JMP_DW_PI,Total water supply coverage by piped improved facilities (%),RUR,Rural area,PT_POP,Percentage of population,66.2954282579949,67.28453944598323,68.27365063397156,69.26276182195988,70.25187300994821,71.24098419793654,72.23009538592487,73.2192065739132,74.20831776190153,75.19742894988985,76.18654013787818,77.17565132586651,78.16476251385484,79.15387370184317,80.14298488983172,81.13209607782005,82.12120726580838,83.11031845379671,84.09942964178504,84.86334391753417,83.53437004654324,82.20539617555278,82.20539617555278
POL,Poland,WB_EWSA_JMP_DW_PI,Total water supply coverage by piped improved facilities (%),URB,Urban area,PT_POP,Percentage of population,95.21157792173122,95.28394371429587,95.35630950686053,95.42867529942517,95.5010410919898,95.57340688455446,95.64577267711913,95.71813846968374,95.7905042622484,95.86287005481304,95.9352358473777,96.00760163994232,96.07996743250698,96.15233322507164,96.22469901763624,96.29706481020092,96.36943060276556,96.4417963953302,96.51416218789484,96.4501061535351,96.11607804812296,95.78204994271084,95.78204994271084
POL,Poland,WB_EWSA_JMP_DW_PI,Total water supply coverage by piped improved facilities (%),_T,Total,PT_POP,Percentage of population,84.1413168460197,84.57725382748276,85.0072135316602,85.40085372402876,85.79627279526674,86.19374552274881,86.59350517142222,86.99507598435065,87.39848841075296,87.80417280770845,88.21191452315668,88.62171259719779,89.03105144239082,89.44287024849008,89.85682536207709,90.27323454338706,90.69550389263556,91.1232021844694,91.55546707000856,91.81968718083712,91.08880580862836,90.3615703186745,90.36958009592064
ROU,Romania,WB_EWSA_AS_4190,Total renewable water resources per capita,_T,Total,M3_IH_YR,Cubic meters per inhabitant per year,9616.596228422,9672.025232941,9738.623538971,9818.255072719,9905.520277629,9994.160291604,10078.565366777,10158.252357035,10232.764132108,10303.287755261,10376.078902247,10453.105463753,10517.176616538,10567.25488776,10617.395461398,10669.306893622,10720.000671485,10767.721640302,10818.011261631,10871.448011649,10932.594503567,11014.558741482,11061.330515123
ROU,Romania,WB_EWSA_AS_4254,Agricultural water withdrawal as % of total water withdrawal,_T,Total,PT,Percentage,9.740932643,11.238684036,12.925612665,15.079924777,9.882088714,8.101472995,9.756097561,15.964555491,14.958448754,17.030250145,11.897106109,14.606060606,16.862079605,17.684636959,17.430754537,19.969064192,19.501098212,22.013878636,22.24127182,23.051623052,30.82747431,31.536113937,36.253220464
ROU,Romania,WB_EWSA_AS_4550,Water Stress (SDG 6.4.2),_T,Total,PT,Percentage,9.034734575,8.480479356,8.634023032,7.965546297,6.669787473,5.720438161,4.99016946,6.445089411,6.759666698,6.437599476,5.822488531,6.171706769,6.068720157,6.008800674,5.881471772,6.052804045,5.967606029,6.341166557,6.00692819,6.547139781,6.924445277,7.362606497,7.63130793
ROU,Romania,WB_EWSA_JMP_DW_PI,Total water supply coverage by piped improved facilities (%),RUR,Rural area,PT_POP,Percentage of population,16.73909386608148,18.03801653290202,19.33693919972256,20.63586186654311,21.93478453336411,23.23370720018465,24.5326298670052,25.83155253382574,27.13047520064674,28.42939786746729,29.72832053428783,31.02724320110838,32.32616586792892,33.62508853474992,34.92401120157047,34.92401120157047,34.92401120157047,34.92401120157047,34.92401120157047,,,,
ROU,Romania,WB_EWSA_JMP_DW_PI,Total water supply coverage by piped improved facilities (%),URB,Urban area,PT_POP,Percentage of population,90.69372232686106,90.6304620654064,90.56720180395172,90.50394154249706,90.4406812810424,90.37742101958771,90.31416075813306,90.2509004966784,90.18764023522372,90.12437997376908,90.0611197123144,89.99785945085972,89.93459918940506,89.87133892795039,89.80807866649573,89.80807866649573,89.80807866649573,89.80807866649573,89.80807866649573,,,,
ROU,Romania,WB_EWSA_JMP_DW_PI,Total water supply coverage by piped improved facilities (%),_T,Total,PT_POP,Percentage of population,55.93800935298931,56.40457454172011,56.93227174235471,57.60446036203821,58.2723693790661,58.93670562801378,59.59747311234133,60.25467582027699,60.90830558804643,61.55836832087709,62.20486434176101,62.84778920852521,63.41974343252608,63.96262858694578,64.50652147650761,64.4993868713606,64.50652254751787,64.52628297602298,64.56030981894868,,,,
RUS,Russian Federation,WB_EWSA_AS_4190,Total renewable water resources per capita,_T,Total,M3_IH_YR,Cubic meters per inhabitant per year,30844.556859205,30971.318902971,31009.048270002,31039.946032432,31171.249320766,31296.758118535,31404.249967183,31457.336465532,31467.819339493,31455.288129493,31441.010323691,31417.156682149,31363.315040189,31295.413218511,31225.979491634,31143.894068154,31043.257444297,30956.591367734,30905.145720472,30883.438753111,30917.570800543,31031.018195588,31085.644591634
RUS,Russian Federation,WB_EWSA_AS_4254,Agricultural water withdrawal as % of total water withdrawal,_T,Total,PT,Percentage,20.089210571,19.939577039,19.939577039,19.939577039,19.939577039,19.939577039,19.939577039,19.939577039,19.939577039,19.939577039,19.939577039,19.939577039,19.939577039,19.939577039,26.380454738,28.017931476,28.075320266,28.97065673,28.756556618,28.756556618,28.756556618,28.756556618,28.756556618
RUS,Russian Federation,WB_EWSA_AS_4550,Water Stress (SDG 6.4.2),_T,Total,PT,Percentage,4.826877888,4.210004166,4.182446233,4.1548883,4.127330368,4.407149376,4.072214502,4.04465657,4.017098637,3.989540705,4.432587467,3.934424839,4.070094661,3.879308974,4.503178172,3.970886104,4.120334892,4.096168705,4.122242749,4.122242749,4.122242749,4.122242749,4.122242749
RUS,Russian Federation,WB_EWSA_JMP_DW_PI,Total water supply coverage by piped improved facilities (%),RUR,Rural area,PT_POP,Percentage of population,49.19907813612235,50.84258743466307,52.48609673320379,54.12960603174452,55.77311533028524,57.4166246288255,59.06013392736622,60.70364322590694,62.34715252444767,63.99066182298839,65.6341711215291,67.27768042006937,68.9211897186101,70.56469901715082,72.20820831569154,73.85171761423226,75.49522691277298,77.1387362113137,78.78224550985396,80.42575480839469,82.0692641069354,83.71277340547613,85.35628270401685
RUS,Russian Federation,WB_EWSA_JMP_DW_PI,Total water supply coverage by piped improved facilities (%),URB,Urban area,PT_POP,Percentage of population,92.02132631632912,92.25799252472729,92.49465873312543,92.7313249415236,92.96799114992176,93.20465735831992,93.44132356671815,93.67798977511632,93.91465598351448,94.15132219191264,94.3879884003108,94.62465460870897,94.86132081710711,95.09798702550528,95.33465323390344,95.5713194423016,95.80798565069978,96.04465185909794,96.28131806749616,96.51798427589432,96.75465048429248,96.99131669269065,97.2279829010888
RUS,Russian Federation,WB_EWSA_JMP_DW_PI,Total water supply coverage by piped improved facilities (%),_T,Total,PT_POP,Percentage of population,80.60919559427502,81.21913151780736,81.82877895096141,82.45284332623791,83.08084658418873,83.70758579856293,84.33306042775395,84.95726427613575,85.58020396790093,86.201577832759,86.82199543250182,87.44115180144314,88.06267184906335,88.68572202565596,89.31021180050303,89.93508091957908,90.55998018541337,91.18431805861488,91.80732756899651,92.42846531666274,93.04717986345496,93.66291625885484,94.27501498420372
SRB,Serbia,WB_EWSA_AS_4190,Total renewable water resources per capita,_T,Total,M3_IH_YR,Cubic meters per inhabitant per year,,,,,,,21593.861272621,21675.830339989,21759.314348175,21844.096982942,21931.176668473,22023.503776515,22144.484432851,22291.916912446,22442.983820989,22599.175478418,22761.452539916,22930.633983963,23105.350569564,23284.013428933,23480.662183626,23729.30452071,23883.803968452
SRB,Serbia,WB_EWSA_AS_4254,Agricultural water withdrawal as % of total water withdrawal,_T,Total,PT,Percentage,,,,,,,3.261459006,3.239009601,18.213751869,13.38826951,14.677006848,14.160485502,16.141121737,15.23373494,16.029370665,15.410045857,13.481355572,12.288466545,12.81691408,12.62058164,8.510156636,8.535478899,8.289137694
SRB,Serbia,WB_EWSA_AS_4550,Water Stress (SDG 6.4.2),_T,Total,PT,Percentage,,,,,,,2.387577065,4.46049814,5.2868252,5.222585371,4.980277246,5.353319058,4.962245013,5.307111462,4.434802209,5.284571171,5.304181224,6.059957173,6.263383298,6.331567677,5.745520117,5.444607235,5.737631015
SRB,Serbia,WB_EWSA_JMP_DW_PI,Total water supply coverage by piped improved facilities (%),RUR,Rural area,PT_POP,Percentage of population,68.01121730391878,68.01121730391878,68.01121730391878,68.01121730391878,68.01121730391878,69.37167101772002,70.73212473152171,72.0925784453234,73.45303215912463,74.81348587292632,76.17393958672801,77.53439330052925,78.89484701433094,80.25530072813262,81.61575444193386,82.97620815573555,84.33666186953724,85.69711558333893,87.05756929714016,88.41802301094185,89.77847672474354,91.13893043854478,91.13893043854478
SRB,Serbia,WB_EWSA_JMP_DW_PI,Total water supply coverage by piped improved facilities (%),URB,Urban area,PT_POP,Percentage of population,97.40891437851693,97.40891437851693,97.40891437851693,97.40891437851693,97.40891437851693,97.42842938619135,97.4479443938658,97.46745940154024,97.4869744092147,97.50648941688914,97.52600442456358,97.54551943223802,97.56503443991248,97.58454944758692,97.60406445526137,97.6235794629358,97.64309447061024,97.66260947828468,97.68212448595912,97.70163949363356,97.721154501308,97.74066950898244,97.74066950898244
SRB,Serbia,WB_EWSA_JMP_DW_PI,Total water supply coverage by piped improved facilities (%),_T,Total,PT_POP,Percentage of population,83.52409057755209,83.58964679768631,83.65519858094261,83.72046632565394,83.78631881808197,84.48949209108767,85.18672229362468,85.87824466882788,86.56354962244282,87.24289760209321,87.91608038041166,88.58353945071715,89.22991786693497,89.86766233040353,90.50253614702751,91.13420931139632,91.76298264669428,92.39085044817544,93.01709635924789,93.64098147870727,94.26179899197837,94.87888241570278,94.89353730322128
SVK,Slovak Republic,WB_EWSA_AS_4190,Total renewable water resources per capita,_T,Total,M3_IH_YR,Cubic meters per inhabitant per year,9312.269388898,9313.242259367,9316.271230313,9318.856678588,9319.130556741,9317.991814674,9317.730133986,9317.465002318,9313.791103377,9303.495050114,9291.799791945,9281.027856236,9269.416420855,9259.906158891,9251.684600654,9243.068344465,9231.179127438,9216.8441967,9204.090510932,9191.604780809,9184.194240025,9204.890387394,9153.699382646
SVK,Slovak Republic,WB_EWSA_AS_4254,Agricultural water withdrawal as % of total water withdrawal,_T,Total,PT,Percentage,7.79342723,6.165293649,5.116959064,8.290990209,3.229367927,2.602558447,3.489748863,3.270348837,2.743902439,4.143281611,3.065266058,4.112931335,4.614459642,5.11600238,4.094403719,5.518185678,3.887850467,5.68038828,4.600179695,5.2273541,5.315315315,5.373749874,5.828544912
SVK,Slovak Republic,WB_EWSA_AS_4550,Water Stress (SDG 6.4.2),_T,Total,PT,Percentage,5.040877797,4.875,4.709122203,4.440189329,4.171256454,3.90232358,3.431153184,2.959982788,2.855851979,2.702667814,2.584767642,2.552065404,2.862736661,2.742685026,2.406626506,2.468158348,2.389414802,2.393717728,2.394578313,2.403614458,2.388123924,2.436631239,2.425230293
SVK,Slovak Republic,WB_EWSA_JMP_DW_PI,Total water supply coverage by piped improved facilities (%),RUR,Rural area,PT_POP,Percentage of population,91.44632964718268,91.44632964718268,92.21316482359134,92.98000000000002,93.7468351764087,94.51367035281736,95.28050552922603,96.0473407056345,96.81417588204316,97.58101105845184,98.34784623486053,99.1146814112692,99.88151658767788,100.0,100.0,100.0,100.0,100.0,100.0,100.0,100.0,100.0,100.0
SVK,Slovak Republic,WB_EWSA_JMP_DW_PI,Total water supply coverage by piped improved facilities (%),URB,Urban area,PT_POP,Percentage of population,97.7156223610684,97.7156223610684,97.6728111805342,97.62999999999998,97.58718881946577,97.54437763893156,97.50156645839732,97.45875527786312,97.4159440973289,97.37313291679467,97.33032173626049,97.28751055572626,97.24469937519204,97.20188819465784,97.1590770141236,97.1590770141236,97.1590770141236,97.1590770141236,97.1590770141236,,,,
SVK,Slovak Republic,WB_EWSA_JMP_DW_PI,Total water supply coverage by piped improved facilities (%),_T,Total,PT_POP,Percentage of population,94.9717400613616,94.96735358216856,95.27127754902378,95.57762903635376,95.88640969204444,96.19762128793074,96.51124175055256,96.82729952585451,97.14581613054432,97.46676169416614,97.7914142414316,98.1203337871575,98.45025138736447,98.48510246923928,98.46590321705276,98.46905666054631,98.47141520323989,98.47297537611628,98.47368343976665,,,,
SVN,Slovenia,WB_EWSA_AS_4190,Total renewable water resources per capita,_T,Total,M3_IH_YR,Cubic meters per inhabitant per year,16040.740561783,16017.65912994,16002.434257963,15995.061455766,15986.596740982,15959.625702459,15910.227775354,15822.989060441,15737.611013859,15656.256017858,15587.309474854,15555.41672117,15521.197124074,15497.648607473,15482.891817484,15471.271833693,15460.569241957,15452.795515925,15399.996424224,15296.824145079,15158.729063997,15079.295233391,15066.933682799
SVN,Slovenia,WB_EWSA_AS_4254,Agricultural water withdrawal as % of total water withdrawal,_T,Total,PT,Percentage,,,0.733985765,0.704406208,0.502000728,0.249025552,0.675893145,0.492031233,0.24521563,0.265223849,0.170363798,0.34041346,0.247818123,0.31152648,0.163215342,0.390189521,0.371914798,0.418724501,0.312174818,0.31779661,0.298804781,0.322234157,0.411124547
SVN,Slovenia,WB_EWSA_AS_4550,Water Stress (SDG 6.4.2),_T,Total,PT,Percentage,,,6.079783638,6.134775749,6.189767861,6.244759973,6.284651792,6.324543611,7.031778229,6.373901285,6.257606491,5.749154834,6.274509804,7.813387424,6.628127113,6.064908722,5.999323868,6.29749831,6.497633536,6.382691007,6.781609195,6.29479378,5.591615957
TJK,Tajikistan,WB_EWSA_AS_4190,Total renewable water resources per capita,_T,Total,M3_IH_YR,Cubic meters per inhabitant per year,3486.224956184,3419.495996568,3354.425951468,3290.493836894,3226.544194452,3164.026848739,3104.469727949,3045.391624714,2985.663229452,2925.143820684,2863.250951596,2800.076935021,2733.93690408,2666.512834069,2600.423093941,2534.753072708,2471.341295391,2411.416488718,2354.057816563,2299.063816177,2247.338529598,2198.274530075,2151.789658485
TJK,Tajikistan,WB_EWSA_AS_4254,Agricultural water withdrawal as % of total water withdrawal,_T,Total,PT,Percentage,67.880085653,92.599034959,92.18942354,91.810107375,91.457845324,91.129842665,90.823676793,90.861714358,90.902015083,90.944787141,90.990265043,91.038713943,91.090434807,91.145770673,91.205114268,87.96140469,81.083552406,64.922383575,75.485983221,69.590643275,74.525252525,74.525252525,74.525252525
TJK,Tajikistan,WB_EWSA_AS_4550,Water Stress (SDG 6.4.2),_T,Total,PT,Percentage,81.204644412,79.979548753,78.754453094,77.529357435,76.304261776,75.079166117,73.854070458,73.285980267,72.717890076,72.149799886,71.581709695,71.013619504,70.445529314,69.877439123,69.309348932,68.741258741,57.718696398,52.698245151,64.480802217,69.943264283,69.943264283,69.943264283,69.943264283
TJK,Tajikistan,WB_EWSA_JMP_DW_PI,Total water supply coverage by piped improved facilities (%),RUR,Rural area,PT_POP,Percentage of population,33.2517593765574,34.42386865377603,35.59597793099465,36.76808720821373,37.94019648543235,39.11230576265098,40.2844150398696,41.45652431708822,42.62863359430685,43.80074287152593,44.97285214874455,46.14496142596317,47.3170707031818,48.48917998040042,49.66128925761905,50.83339853483812,52.00550781205675,53.17761708927537,54.349726366494,55.52183564371262,55.52183564371262,55.52183564371262,55.52183564371262
TJK,Tajikistan,WB_EWSA_JMP_DW_PI,Total water supply coverage by piped improved facilities (%),URB,Urban area,PT_POP,Percentage of population,89.28972471177393,89.32443876657562,89.35915282137732,89.39386687617903,89.42858093098073,89.46329498578244,89.49800904058414,89.53272309538583,89.56743715018754,89.60215120498924,89.63686525979094,89.67157931459265,89.70629336939434,89.74100742419604,89.77572147899775,89.81043553379945,89.84514958860116,89.87986364340286,89.91457769820455,89.94929175300626,89.94929175300626,89.94929175300626,89.94929175300626
TJK,Tajikistan,WB_EWSA_JMP_DW_PI,Total water supply coverage by piped improved facilities (%),_T,Total,PT_POP,Percentage of population,48.1023810559839,48.97416656152468,49.84590619885503,50.71760095957669,51.58873734150566,52.46035273454661,53.33192222063984,54.20344651790995,55.07492442814024,55.94635959188473,56.81774793704174,57.68865468217987,58.5692910107274,59.45763111574308,60.35379262660008,61.25663749506072,62.16583101110296,63.08061667576538,63.99989382064273,64.92362971553189,64.99145216421688,65.06719188813206,65.15050799127266
TKM,Turkmenistan,WB_EWSA_AS_4190,Total renewable water resources per capita,_T,Total,M3_IH_YR,Cubic meters per inhabitant per year,5404.046586744,5296.862798527,5192.406276176,5091.629804692,4994.863952733,4901.769644735,4811.442548773,4722.49862034,4633.27701309,4542.709725893,4450.649814642,4357.413858599,4263.545472481,4169.654512176,4076.353315558,3984.22078037,3893.842822711,3805.865658859,3720.969227968,3639.800680311,3563.354471251,3491.941602723,3425.219769376
TKM,Turkmenistan,WB_EWSA_AS_4254,Agricultural water withdrawal as % of total water withdrawal,_T,Total,PT,Percentage,96.518663353,96.518663353,96.518663353,96.518663353,94.297774916,94.297774916,94.297774916,94.297774916,94.297774916,94.297774916,94.297774916,94.297774916,94.297774916,94.297774916,94.297774916,94.297774916,94.297774916,94.297774916,94.297774916,59.021730108,61.420401072,92.748704485,92.748704485
TKM,Turkmenistan,WB_EWSA_AS_4550,Water Stress (SDG 6.4.2),_T,Total,PT,Percentage,127.908809892,130.936287137,133.963764383,136.991241628,143.560020608,143.560020608,143.560020608,143.690211231,143.820401855,143.950592478,144.080783102,144.210973725,144.341164348,144.471354972,144.601545595,144.731736218,144.861926842,148.666666667,138.485316847,142.751674395,135.213807316,135.213807316,135.213807316
TKM,Turkmenistan,WB_EWSA_JMP_DW_PI,Total water supply coverage by piped improved facilities (%),RUR,Rural area,PT_POP,Percentage of population,32.09359753161618,31.60838123448025,31.12316493734443,30.63794864020861,30.15273234307278,29.66751604593685,29.18229974880103,28.69708345166521,28.21186715452939,27.72665085739345,27.24143456025763,26.75621826312181,26.27100196598599,25.78578566885005,25.30056937171423,24.81535307457841,24.33013677744259,23.84492048030666,23.35970418317083,22.87448788603501,22.38927158889919,21.90405529176337,21.90405529176337
TKM,Turkmenistan,WB_EWSA_JMP_DW_PI,Total water supply coverage by piped improved facilities (%),URB,Urban area,PT_POP,Percentage of population,87.828061736076,87.63152889395974,87.43499605184348,87.23846320972723,87.04193036761097,86.84539752549472,86.64886468337852,86.45233184126226,86.25579899914601,86.05926615702975,85.8627333149135,85.66620047279724,85.46966763068104,85.27313478856479,85.07660194644853,84.88006910433228,84.68353626221602,84.48700342009977,84.29047057798351,84.09393773586731,83.89740489375106,83.7008720516348,83.7008720516348
TKM,Turkmenistan,WB_EWSA_JMP_DW_PI,Total water supply coverage by piped improved facilities (%),_T,Total,PT_POP,Percentage of population,57.68295927407614,57.45577896014785,57.23045739791172,57.00643160849694,56.78370291516691,56.57085088130513,56.36858329804375,56.17760798793466,55.99633798276134,55.82663605427126,55.6674897496876,55.519017745595,55.38194537418541,55.2564125973788,55.14136132341802,55.0381161662746,54.94620980493211,54.86516417298999,54.79571329609416,54.73798473546942,54.69088572051204,54.65513298517092,54.96164516998525
TUR,Turkiye,WB_EWSA_AS_4190,Total renewable water resources per capita,_T,Total,M3_IH_YR,Cubic meters per inhabitant per year,3234.190121652,3194.197164205,3155.910557378,3119.48405267,3084.880111806,3052.089313076,3020.900074322,2990.787949092,2956.86258881,2920.036484448,2884.925987674,2851.16783956,2813.934598814,2769.523633166,2711.563668297,2644.5297365,2591.483024904,2546.830446641,2506.634734004,2478.980448295,2457.844596666,2440.986807908,2430.55032679
TUR,Turkiye,WB_EWSA_AS_4254,Agricultural water withdrawal as % of total water withdrawal,_T,Total,PT,Percentage,80.01016002,81.347951367,78.726488382,76.253284559,83.146925637,83.259215993,83.365655625,84.345633738,80.933111164,85.814258977,85.745752045,86.147323794,86.0631797,85.862923367,85.188147397,86.706707246,87.571741266,87.045482352,87.117959081,87.275398719,86.902550253,100.0,86.927011735
TUR,Turkiye,WB_EWSA_AS_4550,Water Stress (SDG 6.4.2),_T,Total,PT,Percentage,31.196612939,30.40865087,29.620688801,28.832726732,29.367959098,29.903191463,30.438423828,30.802662854,31.166901879,33.52150338,34.880784372,36.199212657,37.517640942,38.059867786,38.60209463,39.894525737,44.276907079,43.667076432,45.378875436,46.301582114,46.128099235,43.378147515,47.886533462
TUR,Turkiye,WB_EWSA_JMP_DW_PI,Total water supply coverage by piped improved facilities (%),RUR,Rural area,PT_POP,Percentage of population,89.03239361702123,88.86127659574464,88.69015957446805,88.51904255319147,88.34792553191488,88.1768085106383,88.00569148936165,87.83457446808507,87.66345744680848,87.49234042553189,87.3212234042553,87.15010638297872,86.97898936170208,86.80787234042549,86.6367553191489,86.46563829787232,86.29452127659573,86.12340425531914,85.95228723404256,85.78117021276591,85.61005319148933,85.61005319148933,85.61005319148933
TUR,Turkiye,WB_EWSA_JMP_DW_PI,Total water supply coverage by piped improved facilities (%),URB,Urban area,PT_POP,Percentage of population,97.7372293594466,97.76330967568052,97.78938999191448,97.8154703081484,97.84155062438236,97.8676309406163,97.89371125685024,97.91979157308418,97.94587188931813,97.97195220555209,97.998032521786,98.02411283801996,98.05019315425388,98.07627347048782,98.10235378672176,98.12843410295572,98.15451441918964,98.1805947354236,98.20667505165753,98.23275536789149,98.25883568412542,98.25883568412542,98.25883568412542
TUR,Turkiye,WB_EWSA_JMP_DW_PI,Total water supply coverage by piped improved facilities (%),_T,Total,PT_POP,Percentage of population,94.66799095277004,94.67786737928304,94.69328711916091,94.71065077712876,94.73001638151152,94.75106206150816,94.7740393600747,94.79871704433812,94.82526301027538,94.8533265956506,94.88307174678648,94.914366484227,94.94738030785888,94.98095692390191,95.0154673554724,95.05074068677852,95.08681130065476,95.12337357816888,95.16060247096608,95.19830330558646,95.236408558442,95.29509787505346,95.35240168344804
UKR,Ukraine,WB_EWSA_AS_4190,Total renewable water resources per capita,_T,Total,M3_IH_YR,Cubic meters per inhabitant per year,3536.961530499,3569.359032067,3600.858478517,3627.848631121,3653.226365998,3683.470673328,3707.37821142,3724.385447716,3743.765161523,3759.458890152,3773.032384492,3785.103144385,3793.113775928,3799.962581382,3812.72407476,3828.336751054,3842.441316398,3857.730474361,3877.112092093,3898.796947105,3923.006828064,3956.780614484,4270.043099469
UKR,Ukraine,WB_EWSA_AS_4254,Agricultural water withdrawal as % of total water withdrawal,_T,Total,PT,Percentage,30.005470459,30.001927197,30.001646826,30.00134453,30.00101763,30.0066313,30.000798106,30.001285177,30.001070893,30.001208589,29.993265993,30.889865324,31.893207576,33.03516975,34.346610762,31.05055947,32.103021699,41.55507945,41.55507945,39.573545356,30.012287528,29.046483909,21.131812499
UKR,Ukraine,WB_EWSA_AS_4550,Water Stress (SDG 6.4.2),_T,Total,PT,Percentage,23.684892459,22.858512568,22.029541332,21.200570096,20.37159886,19.538740606,19.481212749,19.419538741,19.358383001,19.296968127,19.240735942,17.960935476,16.681135009,15.401334543,14.121534076,11.802280383,12.082145634,13.87017362,13.87017362,13.728945323,12.255765742,10.84102099,6.298134232
UKR,Ukraine,WB_EWSA_JMP_DW_PI,Total water supply coverage by piped improved facilities (%),RUR,Rural area,PT_POP,Percentage of population,43.50399611220473,42.93084591535444,42.35769571850392,41.78454552165363,41.21139532480333,40.63824512795281,40.06509493110252,39.491944734252,38.91879453740171,38.34564434055119,37.7724941437009,37.19934394685038,36.62619375000008,36.05304355314979,35.47989335629927,34.90674315944898,34.33359296259846,33.76044276574817,33.18729256889765,32.61414237204735,32.04099217519683,31.46784197834654,30.89469178149625
UKR,Ukraine,WB_EWSA_JMP_DW_PI,Total water supply coverage by piped improved facilities (%),URB,Urban area,PT_POP,Percentage of population,96.05520460933894,95.1621253490523,94.26904608876566,93.37596682847902,92.48288756819238,91.58980830790574,90.6967290476191,89.80364978733246,88.91057052704582,88.01749126675918,87.12441200647254,86.2313327461859,85.33825348589926,84.44517422561262,83.55209496532598,82.65901570503934,81.7659364447527,80.87285718446606,79.97977792417942,79.08669866389278,78.19361940360614,77.3005401433195,76.40746088303285
UKR,Ukraine,WB_EWSA_JMP_DW_PI,Total water supply coverage by piped improved facilities (%),_T,Total,PT_POP,Percentage of population,78.78950603406247,78.02138519629379,77.28520897560998,76.57109336589767,75.86938523836021,75.1783095646387,74.47890976645533,73.77786010559939,73.0756753486931,72.37185558712852,71.6259363677814,70.87892826571407,70.1313225361771,69.38312453131363,68.6343269275765,67.88494011311222,67.13495679852267,66.38390344132905,65.6388163848634,64.90002204880247,64.16691256699688,63.43935798838717,62.71676766792358
UZB,Uzbekistan,WB_EWSA_AS_4190,Total renewable water resources per capita,_T,Total,M3_IH_YR,Cubic meters per inhabitant per year,1971.593719851,1947.765993712,1924.017263006,1900.723725742,1877.495980499,1854.158220136,1830.402616663,1804.918952602,1777.428685175,1749.147295168,1721.653297285,1695.509408464,1670.08960422,1644.122363479,1616.980766366,1589.302094425,1562.112029164,1535.866199938,1509.568477171,1482.494866251,1455.05444887,1427.123988018,1398.725291011
UZB,Uzbekistan,WB_EWSA_AS_4254,Agricultural water withdrawal as % of total water withdrawal,_T,Total,PT,Percentage,90.870271745,90.42588313,90.325565744,90.221307257,90.112870767,90.0,90.160965996,90.324663532,90.491162734,90.660536147,90.832858844,91.008208534,91.186665683,91.368313632,91.55323873,92.081398723,91.660557185,92.292020373,92.2766979,92.261375426,92.007797271,90.846681922,92.134831461
UZB,Uzbekistan,WB_EWSA_AS_4550,Water Stress (SDG 6.4.2),_T,Total,PT,Percentage,153.080830841,154.115285346,150.831660453,147.548035561,144.264410668,140.980785776,141.395022783,141.80925979,142.223496798,142.637733805,143.051970812,143.466207819,143.880444827,144.294681834,144.708918841,158.127330083,156.446802409,168.924577,160.384284485,151.84399197,143.389733295,121.881273301,123.028391167
UZB,Uzbekistan,WB_EWSA_JMP_DW_PI,Total water supply coverage by piped improved facilities (%),RUR,Rural area,PT_POP,Percentage of population,52.81492917082812,53.16238810634741,53.50984704186681,53.85730597738609,54.20476491290538,54.55222384842466,54.89968278394394,55.24714171946334,55.59460065498263,55.94205959050191,56.2895185260212,56.63697746154048,56.98443639705988,57.33189533257917,57.67935426809845,58.02681320361773,58.37427213913702,58.72173107465642,59.0691900101757,59.41664894569499,59.76410788121427,60.11156681673356,60.45902575225296
UZB,Uzbekistan,WB_EWSA_JMP_DW_PI,Total water supply coverage by piped improved facilities (%),URB,Urban area,PT_POP,Percentage of population,95.35627188145736,94.8949834928652,94.43369510427306,93.9724067156809,93.51111832708888,93.04982993849671,92.58854154990456,92.1272531613124,91.66596477272026,91.2046763841281,90.74338799553595,90.2820996069438,89.82081121835176,89.35952282975961,88.89823444116746,88.43694605257531,87.97565766398316,87.514369275391,87.05308088679885,86.5917924982067,86.13050410961466,85.66921572102251,85.20792733243036
UZB,Uzbekistan,WB_EWSA_JMP_DW_PI,Total water supply coverage by piped improved facilities (%),_T,Total,PT_POP,Percentage of population,72.43755052803311,72.61228339153153,72.7800666248891,72.94045863141652,73.093039359856,73.2378067004481,73.37513886357145,73.50464209301074,73.62631650393368,73.73980570311522,73.84583082507133,73.84645731686047,73.74740541173576,73.64997368911934,73.55415461546124,73.45995558433056,73.36737442690983,73.27640967144184,73.19489833812581,73.12188910718132,73.05699060152828,72.99951912012946,72.94880741549808
